id,day,priority,owner,depends_on,task,deliverable,acceptance_criteria,verification,estimate_hours,status,evidence,blocker
URC-S01,1,P0,Agent,,Capture baseline and reproduce audit hypotheses,scripts/check_repo_contract.py; protocols/configuration-manifest.schema.json; tests/test_repo_contract.py; ROADMAP.md; docs/TASKS.md; docs/research-plan.md,"Record base identity, clean sprint start, versions, exact CI commands and observed outputs; preserve original worktree changes.","python -m unittest discover -s tests -v
python scripts/check_repo_contract.py",3,done,evidence/sprint-2026-09-05/baseline.json,
URC-S02,1,P0,Agent,URC-S01,Freeze scope and evidence-first execution design,NEW docs/SPRINT_ROADMAP.md; NEW docs/SPRINT_TASKS.csv; NEW docs/SPRINT_PROGRESS.md; NEW docs/REVIEW_READY.md,"Six-day30h plan saved, requirements testable, user-provided plan-and-execute authorization recorded, external authority excluded.",Review this roadmap and parse task CSV; hours sum to30.,2,done,docs/SPRINT_ROADMAP.md,
URC-S03,2,P0,Agent,URC-S02,Enforce the declared configuration schema,scripts/check_repo_contract.py; tests/test_repo_contract.py; .github/workflows/ci.yml; README.md; NEW requirements.txt,"Tests fail before the fix for invalid autopilot, battery fraction=2, negative logging rate and nested missing fields; valid example still passes; declared dialect is used and dependency installed in CI.",python -m unittest discover -s tests -v; python scripts/check_repo_contract.py,5,done,evidence/sprint-2026-09-05/final-checks.json,
URC-S04,3,P0,Agent,URC-S03,"Reconcile pilot, confirmation, composition and fleet limits",ROADMAP.md; docs/TASKS.md; docs/research-plan.md; docs/experiment-01-authority-loss.md; README.md,Pilot not called confirmation; offline simulated composition may follow positive SITL; HITL gates hardware claims; 5–10% uncertainty band has a decision; joint risk and common-mode limitations explicit.,python scripts/check_repo_contract.py; read all continuation gates side by side; no completed-trace language.,6,done,docs/REVIEW_READY.md,
URC-S05,4,P1,Agent,URC-S04,Package deterministic intake/negative fixtures,protocols/configuration-manifest.schema.json; NEW evidence/sprint-2026-09-05/candidate.json; docs/REVIEW_READY.md,"Clean consumer dependency install exercises validator; source/diff identity frozen; examples remain planned-example, not measured.",python -m pip install -r requirements.txt; python scripts/check_repo_contract.py; git diff --check,4,done,evidence/sprint-2026-09-05/candidate.json,
URC-S06,5,P1,Agent,URC-S05,Evaluate previously uninspected metadata boundary cases,NEW evidence/sprint-2026-09-05/evaluation-plan.md; NEW evidence/sprint-2026-09-05/evaluation.json; tests/test_repo_contract.py,Freeze fixture selection before candidate output; test valid boundaries and invalid types/NaN/missing fields; retain expected judgments and differences; no safety/generalization claim.,python -m unittest discover -s tests -v; reproduce changed examples and rejection reasons with recorded inputs.,6,done,evidence/sprint-2026-09-05/evaluation.json,
URC-S07,6,P1,Agent,URC-S06,Assemble protocol review and harness handoff,docs/REVIEW_READY.md; docs/SPRINT_PROGRESS.md; docs/SPRINT_TASKS.csv,"One reproducible record and exact next harness task; novelty closeout, simulator choices and missing hardware remain explicit.",python scripts/check_repo_contract.py; python -m unittest discover -s tests -v; git diff --check,2,done,docs/REVIEW_READY.md,
URC-S08,1,P0,Owner,URC-S02,Owner chooses intended configurations and access path,docs/experiment-01-authority-loss.md; docs/TASKS.md,Owner confirms software/compute and advisor path; firmware identities verified from installed software before future traces; no purchase/outreach implied.,Review proposed equivalent Hold/Land/RTL intents and software resource availability; external novelty review remains pending.,2,blocked,,"Owner configuration/resource choice and eventual lab/safety approval. This local branch includes the existing open PR head, not a merged default-branch change."
URC-D01,2026-09-08,P1,Agent,,Complete first-pass exact-gap source review before apparatus choices,docs/prior-art-search-2026-09-08.md; docs/prior-art.md,Executed queries and screened sources linked; evidence/access limits explicit; parent novelty and owner gates remain open,python scripts/check_repo_contract.py; python -m unittest discover -s tests -v; manual primary-source review,3,done,evidence/task-2026-09-08/README.md,Full parent closeout still needs the report's listed source/access follow-ups
URC-D02,2026-09-09,P1,Agent,URC-D01,Run the native-database prior-art export named by D01 and record its recall against the day-1 screen,"docs/prior-art-search-2026-09-09-database.md; evidence/task-2026-09-09/database-export.json,.csv; candidates-unscreened.csv; rerun_search.py","Export is dated with per-query provenance and reproducible from a script; recall against the D01 screened set is measured and stated, not assumed; new candidates are labelled UNSCREENED; no novelty, patent or owner gate is closed; arXiv throttling is recorded as an incomplete leg, not omitted",python -m unittest discover -s tests -v; python scripts/check_repo_contract.py; python evidence/task-2026-09-09/rerun_search.py --audit evidence/task-2026-09-09/database-export.json (expected exit 1 for retained historical provenance gaps),3,done,evidence/task-2026-09-12/reference-coverage.json,"Reconciled 2026-09-13 against ONE record bound to the native-response audit and exact export bytes: canonical = day4_public (native audit passed, 317/317 traceable, sha256 b523635bdc5b); day2_historical FAILS the native audit ({'unsupported_provenance_routes': 90, 'missing_request_provenance': 11, 'query_count_mismatches': 10, 'rows_without_successful_logged_query': 90}) and is credited for NOTHING: recall 0/6 (the earlier 2/6 was overlap, not provenance-bound recall). Public recall 3/6. Candidates UNSCREENED; no novelty claim; no successor task."
URC-R01,2026-09-11,P1,Agent,URC-D03,Repair and rerun native acquisition with raw response provenance,evidence/task-2026-09-11-public/database-export.json; evidence/task-2026-09-11-public/database-export.csv; evidence/task-2026-09-11-public/candidates-unscreened.csv,All frozen query legs attempted; retained records map to successful raw responses and rank; errors distinct from zeros; historical evidence unchanged,python evidence/task-2026-09-09/rerun_search.py --audit evidence/task-2026-09-11-public/database-export.json,3,done,docs/ACQUISITION_CORRECTION_2026-09-11.md,Discovery only; full D02 reference-set coverage and novelty screening remain open.
URC-R02,2026-09-12,P1,Agent,URC-R01,Finish eligible anchor register and remaining accessible competitor reads,Complete versioned source eligibility register and rubric-bound reading records,Include every D01 source with reason; no post-result silent exclusions; unknown text remains unknown,"python scripts/reference_coverage.py --check (provenance-bound, novelty-axis table); PYTHONPATH=. python -m unittest discover -s tests; scripts/check_repo_contract.py",3,done,docs/reference-coverage-2026-09-12.md; evidence/task-2026-09-12/README.md,"Superseded 2026-09-15 by URC-R03: the three follow-up sources (S1 UAVConfigFuzzer, S2 ADGFuzz, S3 PGPatch = S&P 2022, not 2026) were read in full; patent text read is not legal clearance."
URC-D03,2026-09-09,P1,Agent,URC-D01,Converge source provenance and narrow the research question,docs/day3-source-review.md,Commit the reading rubric before new close reading; deterministically combine day-1 source routes and raw day-2 records without inventing successful queries; inspect selected primary full texts and documented semantics.,See evidence/task-day3-2026-09-09/checks.json,,done,evidence/task-day3-2026-09-09/README.md,URC-01/D02 provenance and exact-gap closeout stay unresolved unless their full acceptance evidence exists.
URC-R03,2026-09-15,P1,Agent,URC-R02,"Prior-art review packet under docs/specs/prior-art-closeout/plan.md: follow-up sources S1-S3 and U3 inspected, U1-U12 reconciled, full intake screened, URC-01 decision written","docs/day3-reading-records.json (S1-S3, U3, U1-U12 reconciled, C001-C266 metadata-only); evidence/task-prior-art-closeout-2026-09-15/{README.md,sources.json,candidate-screening.csv,decision-changes.json}; docs/prior-art.md URC-01 decision; docs/reference-coverage-2026-09-12.md reconciled section; scripts/acquisition_ledger.py and scripts/reference_coverage.py access/missing-axis fixes with regressions",Every planned operation has an observed outcome; U1-U12 and S1-S3 present with four valid axis states each; all 317 intake rows accounted for exactly once; derived JSON regenerated by script and byte-stable; unread access is unresolved in both consumers; conclusion only in allowed forms with a separate gate status,"python -m unittest discover -s tests; python scripts/check_repo_contract.py; python scripts/acquisition_ledger.py --check; python scripts/reference_coverage.py --check; python evidence/task-2026-09-09/rerun_search.py --audit evidence/task-2026-09-11-public/database-export.json; python tools/check_presentation.py . ""UAV Failsafe Composition"" uav-failsafe-composition; python tools/test_presentation.py; git diff --check; negative controls in a disposable copy (remove S1: both --check fail; regenerate: required-ID test still fails)",8,done,evidence/task-prior-art-closeout-2026-09-15/README.md; docs/specs/prior-art-closeout/plan.md,"Packet complete; URC-01 gate status PARTIAL: 7 needs_full_text and 10 unresolved_metadata intake rows unread; no native patent, dissertation or standards search; U9 3-second sentence needs re-verification. Not an owner gate."
